neo_reference_id,name,nasa_jpl_url,absolute_magnitude_h,estimated_diameter,is_potentially_hazardous_asteroid,created_at,updated_at
2000433,433 Eros (1898 DQ),http://ssd.jpl.nasa.gov/sbdb.cgi?sstr=2000433,11.16,"""{\""kilometers\"":{\""estimated_diameter_min\"":15.5795524128,\""estimated_diameter_max\"":34.836938254},\""meters\"":{\""estimated_diameter_min\"":15579.5524127829,\""estimated_diameter_max\"":34836.9382540034},\""miles\"":{\""estimated_diameter_min\"":9.6806820623,\""estimated_diameter_max\"":21.6466631598},\""feet\"":{\""estimated_diameter_min\"":51114.0187379546,\""estimated_diameter_max\"":114294.4205012645}}""",f,2017-07-29 19:29:14.969006,2017-07-29 19:29:14.969006
2001566,1566 Icarus (1949 MA),http://ssd.jpl.nasa.gov/sbdb.cgi?sstr=2001566,16.9,"""{\""kilometers\"":{\""estimated_diameter_min\"":1.1080388213,\""estimated_diameter_max\"":2.4776501261},\""meters\"":{\""estimated_diameter_min\"":1108.0388212642,\""estimated_diameter_max\"":2477.6501260554},\""miles\"":{\""estimated_diameter_min\"":0.6885031904,\""estimated_diameter_max\"":1.5395399365},\""feet\"":{\""estimated_diameter_min\"":3635.2980863563,\""estimated_diameter_max\"":8128.7736395675}}""",t,2017-07-29 19:29:15.221094,2017-07-29 19:29:15.221094
2001036,1036 Ganymed (1924 TD),http://ssd.jpl.nasa.gov/sbdb.cgi?sstr=2001036,9.45,"""{\""kilometers\"":{\""estimated_diameter_min\"":34.241673084,\""estimated_diameter_max\"":76.5667086792},\""meters\"":{\""estimated_diameter_min\"":34241.6730840035,\""estimated_diameter_max\"":76566.7086791567},\""miles\"":{\""estimated_diameter_min\"":21.2767826459,\""estimated_diameter_max\"":47.5763323387},\""feet\"":{\""estimated_diameter_min\"":112341.4507209221,\""estimated_diameter_max\"":251203.1205029245}}""",f,2017-07-29 19:29:16.048935,2017-07-29 19:29:16.048935
2000719,719 Albert (1911 MT),http://ssd.jpl.nasa.gov/sbdb.cgi?sstr=2000719,15.5,"""{\""kilometers\"":{\""estimated_diameter_min\"":2.1113244479,\""estimated_diameter_max\"":4.7210649881},\""meters\"":{\""estimated_diameter_min\"":2111.3244478971,\""estimated_diameter_max\"":4721.0649880552},\""miles\"":{\""estimated_diameter_min\"":1.3119157835,\""estimated_diameter_max\"":2.9335328727},\""feet\"":{\""estimated_diameter_min\"":6926.9177016389,\""estimated_diameter_max\"":15489.0588554111}}""",f,2017-07-29 19:29:16.157176,2017-07-29 19:29:16.157176
2000887,887 Alinda (1918 DB),http://ssd.jpl.nasa.gov/sbdb.cgi?sstr=2000887,13.4,"""{\""kilometers\"":{\""estimated_diameter_min\"":5.5533491158,\""estimated_diameter_max\"":12.4176661257},\""meters\"":{\""estimated_diameter_min\"":5553.34911581,\""estimated_diameter_max\"":12417.6661257396},\""miles\"":{\""estimated_diameter_min\"":3.4506900934,\""estimated_diameter_max\"":7.7159776182},\""feet\"":{\""estimated_diameter_min\"":18219.6499131142,\""estimated_diameter_max\"":40740.3757319715}}""",f,2017-07-29 19:29:16.278058,2017-07-29 19:29:16.278058
2001221,1221 Amor (1932 EA1),http://ssd.jpl.nasa.gov/sbdb.cgi?sstr=2001221,17.7,"""{\""kilometers\"":{\""estimated_diameter_min\"":0.7665755735,\""estimated_diameter_max\"":1.7141150923},\""meters\"":{\""estimated_diameter_min\"":766.5755735311,\""estimated_diameter_max\"":1714.1150923063},\""miles\"":{\""estimated_diameter_min\"":0.4763278307,\""estimated_diameter_max\"":1.065101409},\""feet\"":{\""estimated_diameter_min\"":2515.0118046636,\""estimated_diameter_max\"":5623.7373594423}}""",f,2017-07-29 19:29:16.383492,2017-07-29 19:29:16.383492
2001580,1580 Betulia (1950 KA),http://ssd.jpl.nasa.gov/sbdb.cgi?sstr=2001580,14.8,"""{\""kilometers\"":{\""estimated_diameter_min\"":2.9144390453,\""estimated_diameter_max\"":6.5168838217},\""meters\"":{\""estimated_diameter_min\"":2914.4390453486,\""estimated_diameter_max\"":6516.883821679},\""miles\"":{\""estimated_diameter_min\"":1.810947904,\""estimated_diameter_max\"":4.0494026172},\""feet\"":{\""estimated_diameter_min\"":9561.8081975415,\""estimated_diameter_max\"":21380.8531175174}}""",f,2017-07-29 19:29:16.578698,2017-07-29 19:29:16.578698
2001620,1620 Geographos (1951 RA),http://ssd.jpl.nasa.gov/sbdb.cgi?sstr=2001620,15.6,"""{\""kilometers\"":{\""estimated_diameter_min\"":2.0162991944,\""estimated_diameter_max\"":4.5085820617},\""meters\"":{\""estimated_diameter_min\"":2016.2991944276,\""estimated_diameter_max\"":4508.5820617181},\""miles\"":{\""estimated_diameter_min\"":1.2528698467,\""estimated_diameter_max\"":2.8015021443},\""feet\"":{\""estimated_diameter_min\"":6615.1550490457,\""estimated_diameter_max\"":14791.9363713673}}""",t,2017-07-29 19:29:16.755037,2017-07-29 19:29:16.755037
2001627,1627 Ivar (1929 SH),http://ssd.jpl.nasa.gov/sbdb.cgi?sstr=2001627,13.2,"""{\""kilometers\"":{\""estimated_diameter_min\"":6.0891262211,\""estimated_diameter_max\"":13.6157001539},\""meters\"":{\""estimated_diameter_min\"":6089.1262210567,\""estimated_diameter_max\"":13615.7001538593},\""miles\"":{\""estimated_diameter_min\"":3.7836064491,\""estimated_diameter_max\"":8.4604012203},\""feet\"":{\""estimated_diameter_min\"":19977.4488710918,\""estimated_diameter_max\"":44670.9336927877}}""",f,2017-07-29 19:29:17.301068,2017-07-29 19:29:17.301068
2001863,1863 Antinous (1948 EA),http://ssd.jpl.nasa.gov/sbdb.cgi?sstr=2001863,15.54,"""{\""kilometers\"":{\""estimated_diameter_min\"":2.0727884338,\""estimated_diameter_max\"":4.6348958409},\""meters\"":{\""estimated_diameter_min\"":2072.7884337708,\""estimated_diameter_max\"":4634.8958408869},\""miles\"":{\""estimated_diameter_min\"":1.2879706219,\""estimated_diameter_max\"":2.8799898635},\""feet\"":{\""estimated_diameter_min\"":6800.4872050527,\""estimated_diameter_max\"":15206.3516706153}}""",f,2017-07-29 19:29:17.461553,2017-07-29 19:29:17.461553
2001862,1862 Apollo (1932 HA),http://ssd.jpl.nasa.gov/sbdb.cgi?sstr=2001862,16.25,"""{\""kilometers\"":{\""estimated_diameter_min\"":1.4947032424,\""estimated_diameter_max\"":3.3422580561},\""meters\"":{\""estimated_diameter_min\"":1494.7032423559,\""estimated_diameter_max\"":3342.2580560972},\""miles\"":{\""estimated_diameter_min\"":0.9287652484,\""estimated_diameter_max\"":2.0767822306},\""feet\"":{\""estimated_diameter_min\"":4903.8821856511,\""estimated_diameter_max\"":10965.4139207661}}""",t,2017-07-29 19:29:17.666092,2017-07-29 19:29:17.666092
2001866,1866 Sisyphus (1972 XA),http://ssd.jpl.nasa.gov/sbdb.cgi?sstr=2001866,12.4,"""{\""kilometers\"":{\""estimated_diameter_min\"":8.801465209,\""estimated_diameter_max\"":19.6806745089},\""meters\"":{\""estimated_diameter_min\"":8801.4652090073,\""estimated_diameter_max\"":19680.6745089397},\""miles\"":{\""estimated_diameter_min\"":5.4689752384,\""estimated_diameter_max\"":12.2290004003},\""feet\"":{\""estimated_diameter_min\"":28876.1991163194,\""estimated_diameter_max\"":64569.1441559096}}""",f,2017-07-29 19:29:18.280484,2017-07-29 19:29:18.280484
2001864,1864 Daedalus (1971 FA),http://ssd.jpl.nasa.gov/sbdb.cgi?sstr=2001864,14.85,"""{\""kilometers\"":{\""estimated_diameter_min\"":2.8480983133,\""estimated_diameter_max\"":6.3685414352},\""meters\"":{\""estimated_diameter_min\"":2848.0983133216,\""estimated_diameter_max\"":6368.5414351895},\""miles\"":{\""estimated_diameter_min\"":1.769725697,\""estimated_diameter_max\"":3.9572269601},\""feet\"":{\""estimated_diameter_min\"":9344.1548702779,\""estimated_diameter_max\"":20894.1654822271}}""",f,2017-07-29 19:29:18.487679,2017-07-29 19:29:18.487679
2001685,1685 Toro (1948 OA),http://ssd.jpl.nasa.gov/sbdb.cgi?sstr=2001685,14.23,"""{\""kilometers\"":{\""estimated_diameter_min\"":3.7892649838,\""estimated_diameter_max\"":8.4730540885},\""meters\"":{\""estimated_diameter_min\"":3789.2649837946,\""estimated_diameter_max\"":8473.0540885244},\""miles\"":{\""estimated_diameter_min\"":2.3545393722,\""estimated_diameter_max\"":5.264910092},\""feet\"":{\""estimated_diameter_min\"":12431.9721294327,\""estimated_diameter_max\"":27798.7347757944}}""",f,2017-07-29 19:29:19.033315,2017-07-29 19:29:19.033315
2001917,1917 Cuyo (1968 AA),http://ssd.jpl.nasa.gov/sbdb.cgi?sstr=2001917,13.9,"""{\""kilometers\"":{\""estimated_diameter_min\"":4.411182,\""estimated_diameter_max\"":9.8637028131},\""meters\"":{\""estimated_diameter_min\"":4411.181999969,\""estimated_diameter_max\"":9863.7028130542},\""miles\"":{\""estimated_diameter_min\"":2.7409805705,\""estimated_diameter_max\"":6.1290188807},\""feet\"":{\""estimated_diameter_min\"":14472.3823527784,\""estimated_diameter_max\"":32361.2307371809}}""",f,2017-07-29 19:29:19.584468,2017-07-29 19:29:19.584468
2001915,1915 Quetzalcoatl (1953 EA),http://ssd.jpl.nasa.gov/sbdb.cgi?sstr=2001915,18.97,"""{\""kilometers\"":{\""estimated_diameter_min\"":0.4271249851,\""estimated_diameter_max\"":0.9550805015},\""meters\"":{\""estimated_diameter_min\"":427.1249850508,\""estimated_diameter_max\"":955.0805014622},\""miles\"":{\""estimated_diameter_min\"":0.2654030791,\""estimated_diameter_max\"":0.5934593263},\""feet\"":{\""estimated_diameter_min\"":1401.3287359541,\""estimated_diameter_max\"":3133.4663124173}}""",f,2017-07-29 19:29:19.82698,2017-07-29 19:29:19.82698
2001916,1916 Boreas (1953 RA),http://ssd.jpl.nasa.gov/sbdb.cgi?sstr=2001916,14.93,"""{\""kilometers\"":{\""estimated_diameter_min\"":2.7450798165,\""estimated_diameter_max\"":6.1381850734},\""meters\"":{\""estimated_diameter_min\"":2745.0798165138,\""estimated_diameter_max\"":6138.1850733875},\""miles\"":{\""estimated_diameter_min\"":1.7057129907,\""estimated_diameter_max\"":3.8140901972},\""feet\"":{\""estimated_diameter_min\"":9006.1676652111,\""estimated_diameter_max\"":20138.4031161726}}""",f,2017-07-29 19:29:20.081449,2017-07-29 19:29:20.081449
2001865,1865 Cerberus (1971 UA),http://ssd.jpl.nasa.gov/sbdb.cgi?sstr=2001865,16.84,"""{\""kilometers\"":{\""estimated_diameter_min\"":1.1390819672,\""estimated_diameter_max\"":2.5470647106},\""meters\"":{\""estimated_diameter_min\"":1139.0819672164,\""estimated_diameter_max\"":2547.06471064},\""miles\"":{\""estimated_diameter_min\"":0.7077925011,\""estimated_diameter_max\"":1.5826721463},\""feet\"":{\""estimated_diameter_min\"":3737.1456813222,\""estimated_diameter_max\"":8356.5117852563}}""",f,2017-07-29 19:29:20.190766,2017-07-29 19:29:20.190766
2002059,2059 Baboquivari (1963 UA),http://ssd.jpl.nasa.gov/sbdb.cgi?sstr=2002059,16,"""{\""kilometers\"":{\""estimated_diameter_min\"":1.6770846216,\""estimated_diameter_max\"":3.750075218},\""meters\"":{\""estimated_diameter_min\"":1677.0846216284,\""estimated_diameter_max\"":3750.0752179805},\""miles\"":{\""estimated_diameter_min\"":1.0420917484,\""estimated_diameter_max\"":2.3301879883},\""feet\"":{\""estimated_diameter_min\"":5502.2463100232,\""estimated_diameter_max\"":12303.3967781592}}""",f,2017-07-29 19:29:21.452885,2017-07-29 19:29:21.452885
2001980,1980 Tezcatlipoca (1950 LA),http://ssd.jpl.nasa.gov/sbdb.cgi?sstr=2001980,13.92,"""{\""kilometers\"":{\""estimated_diameter_min\"":4.3707400403,\""estimated_diameter_max\"":9.7732718421},\""meters\"":{\""estimated_diameter_min\"":4370.7400403053,\""estimated_diameter_max\"":9773.2718421028},\""miles\"":{\""estimated_diameter_min\"":2.7158511096,\""estimated_diameter_max\"":6.0728276978},\""feet\"":{\""estimated_diameter_min\"":14339.6987538352,\""estimated_diameter_max\"":32064.5411904446}}""",f,2017-07-29 19:29:21.606566,2017-07-29 19:29:21.606566
2001981,1981 Midas (1973 EA),http://ssd.jpl.nasa.gov/sbdb.cgi?sstr=2001981,15.2,"""{\""kilometers\"":{\""estimated_diameter_min\"":2.424124811,\""estimated_diameter_max\"":5.4205078634},\""meters\"":{\""estimated_diameter_min\"":2424.124811008,\""estimated_diameter_max\"":5420.5078633577},\""miles\"":{\""estimated_diameter_min\"":1.5062808579,\""estimated_diameter_max\"":3.3681463916},\""feet\"":{\""estimated_diameter_min\"":7953.1656449475,\""estimated_diameter_max\"":17783.8190184186}}""",t,2017-07-29 19:29:21.795055,2017-07-29 19:29:21.795055
2001943,1943 Anteros (1973 EC),http://ssd.jpl.nasa.gov/sbdb.cgi?sstr=2001943,15.75,"""{\""kilometers\"":{\""estimated_diameter_min\"":1.8817198949,\""estimated_diameter_max\"":4.2076535996},\""meters\"":{\""estimated_diameter_min\"":1881.719894893,\""estimated_diameter_max\"":4207.6535995946},\""miles\"":{\""estimated_diameter_min\"":1.1692461728,\""estimated_diameter_max\"":2.6145139248},\""feet\"":{\""estimated_diameter_min\"":6173.6218999609,\""estimated_diameter_max\"":13804.6382356939}}""",f,2017-07-29 19:29:22.13277,2017-07-29 19:29:22.13277
2002061,2061 Anza (1960 UA),http://ssd.jpl.nasa.gov/sbdb.cgi?sstr=2002061,16.56,"""{\""kilometers\"":{\""estimated_diameter_min\"":1.2958507267,\""estimated_diameter_max\"":2.8976103136},\""meters\"":{\""estimated_diameter_min\"":1295.8507266948,\""estimated_diameter_max\"":2897.6103135821},\""miles\"":{\""estimated_diameter_min\"":0.8052040619,\""estimated_diameter_max\"":1.8004910182},\""feet\"":{\""estimated_diameter_min\"":4251.4788981694,\""estimated_diameter_max\"":9506.5958212126}}""",f,2017-07-29 19:29:22.388779,2017-07-29 19:29:22.388779
2002101,2101 Adonis (1936 CA),http://ssd.jpl.nasa.gov/sbdb.cgi?sstr=2002101,18.8,"""{\""kilometers\"":{\""estimated_diameter_min\"":0.4619074603,\""estimated_diameter_max\"":1.0328564805},\""meters\"":{\""estimated_diameter_min\"":461.9074602816,\""estimated_diameter_max\"":1032.8564805039},\""miles\"":{\""estimated_diameter_min\"":0.2870159005,\""estimated_diameter_max\"":0.6417870641},\""feet\"":{\""estimated_diameter_min\"":1515.4444719902,\""estimated_diameter_max\"":3388.6368554964}}""",t,2017-07-29 19:29:22.540303,2017-07-29 19:29:22.540303
2002062,2062 Aten (1976 AA),http://ssd.jpl.nasa.gov/sbdb.cgi?sstr=2002062,16.8,"""{\""kilometers\"":{\""estimated_diameter_min\"":1.1602590821,\""estimated_diameter_max\"":2.5944181791},\""meters\"":{\""estimated_diameter_min\"":1160.2590820944,\""estimated_diameter_max\"":2594.4181790745},\""miles\"":{\""estimated_diameter_min\"":0.7209513461,\""estimated_diameter_max\"":1.6120962183},\""feet\"":{\""estimated_diameter_min\"":3806.6244068985,\""estimated_diameter_max\"":8511.8709386348}}""",f,2017-07-29 19:29:23.040694,2017-07-29 19:29:23.040694
2002063,2063 Bacchus (1977 HB),http://ssd.jpl.nasa.gov/sbdb.cgi?sstr=2002063,17.3,"""{\""kilometers\"":{\""estimated_diameter_min\"":0.9216265485,\""estimated_diameter_max\"":2.0608196123},\""meters\"":{\""estimated_diameter_min\"":921.6265485028,\""estimated_diameter_max\"":2060.8196123208},\""miles\"":{\""estimated_diameter_min\"":0.5726720101,\""estimated_diameter_max\"":1.2805335433},\""feet\"":{\""estimated_diameter_min\"":3023.70924539,\""estimated_diameter_max\"":6761.2194168867}}""",f,2017-07-29 19:29:23.990966,2017-07-29 19:29:23.990966
2002100,2100 Ra-Shalom (1978 RA),http://ssd.jpl.nasa.gov/sbdb.cgi?sstr=2002100,16.05,"""{\""kilometers\"":{\""estimated_diameter_min\"":1.6389095149,\""estimated_diameter_max\"":3.6647130844},\""meters\"":{\""estimated_diameter_min\"":1638.9095149478,\""estimated_diameter_max\"":3664.7130843945},\""miles\"":{\""estimated_diameter_min\"":1.0183708442,\""estimated_diameter_max\"":2.277146434},\""feet\"":{\""estimated_diameter_min\"":5376.9998930214,\""estimated_diameter_max\"":12023.337275805}}""",f,2017-07-29 19:29:25.588694,2017-07-29 19:29:25.588694
2002201,2201 Oljato (1947 XC),http://ssd.jpl.nasa.gov/sbdb.cgi?sstr=2002201,15.25,"""{\""kilometers\"":{\""estimated_diameter_min\"":2.3689449936,\""estimated_diameter_max\"":5.2971220406},\""meters\"":{\""estimated_diameter_min\"":2368.9449935595,\""estimated_diameter_max\"":5297.1220405568},\""miles\"":{\""estimated_diameter_min\"":1.4719937196,\""estimated_diameter_max\"":3.2914780195},\""feet\"":{\""estimated_diameter_min\"":7772.1294926697,\""estimated_diameter_max\"":17379.0098755405}}""",t,2017-07-29 19:29:26.824629,2017-07-29 19:29:26.824629
2002102,2102 Tantalus (1975 YA),http://ssd.jpl.nasa.gov/sbdb.cgi?sstr=2002102,16,"""{\""kilometers\"":{\""estimated_diameter_min\"":1.6770846216,\""estimated_diameter_max\"":3.750075218},\""meters\"":{\""estimated_diameter_min\"":1677.0846216284,\""estimated_diameter_max\"":3750.0752179805},\""miles\"":{\""estimated_diameter_min\"":1.0420917484,\""estimated_diameter_max\"":2.3301879883},\""feet\"":{\""estimated_diameter_min\"":5502.2463100232,\""estimated_diameter_max\"":12303.3967781592}}""",t,2017-07-29 19:29:27.469725,2017-07-29 19:29:27.469725
2002202,2202 Pele (1972 RA),http://ssd.jpl.nasa.gov/sbdb.cgi?sstr=2002202,17.2,"""{\""kilometers\"":{\""estimated_diameter_min\"":0.9650614696,\""estimated_diameter_max\"":2.1579430484},\""meters\"":{\""estimated_diameter_min\"":965.0614695789,\""estimated_diameter_max\"":2157.9430484443},\""miles\"":{\""estimated_diameter_min\"":0.5996612104,\""estimated_diameter_max\"":1.34088323},\""feet\"":{\""estimated_diameter_min\"":3166.2122718533,\""estimated_diameter_max\"":7079.8658710581}}""",f,2017-07-29 19:29:28.028662,2017-07-29 19:29:28.028662
2002135,2135 Aristaeus (1977 HA),http://ssd.jpl.nasa.gov/sbdb.cgi?sstr=2002135,17.94,"""{\""kilometers\"":{\""estimated_diameter_min\"":0.6863647587,\""estimated_diameter_max\"":1.5347582577},\""meters\"":{\""estimated_diameter_min\"":686.3647586707,\""estimated_diameter_max\"":1534.7582577479},\""miles\"":{\""estimated_diameter_min\"":0.4264871565,\""estimated_diameter_max\"":0.9536542734},\""feet\"":{\""estimated_diameter_min\"":2251.8529548371,\""estimated_diameter_max\"":5035.2962823495}}""",t,2017-07-29 19:29:28.138791,2017-07-29 19:29:28.138791
2002212,2212 Hephaistos (1978 SB),http://ssd.jpl.nasa.gov/sbdb.cgi?sstr=2002212,13.87,"""{\""kilometers\"":{\""estimated_diameter_min\"":4.4725476543,\""estimated_diameter_max\"":10.0009205877},\""meters\"":{\""estimated_diameter_min\"":4472.5476543253,\""estimated_diameter_max\"":10000.9205876786},\""miles\"":{\""estimated_diameter_min\"":2.7791114085,\""estimated_diameter_max\"":6.2142820265},\""feet\"":{\""estimated_diameter_min\"":14673.7132462166,\""estimated_diameter_max\"":32811.4203008795}}""",f,2017-07-29 19:29:28.423398,2017-07-29 19:29:28.423398
2002329,2329 Orthos (1976 WA),http://ssd.jpl.nasa.gov/sbdb.cgi?sstr=2002329,14.7,"""{\""kilometers\"":{\""estimated_diameter_min\"":3.0517923259,\""estimated_diameter_max\"":6.824015094},\""meters\"":{\""estimated_diameter_min\"":3051.7923259387,\""estimated_diameter_max\"":6824.0150940112},\""miles\"":{\""estimated_diameter_min\"":1.8962952494,\""estimated_diameter_max\"":4.240245083},\""feet\"":{\""estimated_diameter_min\"":10012.4423346328,\""estimated_diameter_max\"":22388.5016810356}}""",f,2017-07-29 19:29:28.998748,2017-07-29 19:29:28.998748
2003102,3102 Krok (1981 QA),http://ssd.jpl.nasa.gov/sbdb.cgi?sstr=2003102,16.2,"""{\""kilometers\"":{\""estimated_diameter_min\"":1.5295193534,\""estimated_diameter_max\"":3.4201092472},\""meters\"":{\""estimated_diameter_min\"":1529.5193534422,\""estimated_diameter_max\"":3420.1092471982},\""miles\"":{\""estimated_diameter_min\"":0.9503989702,\""estimated_diameter_max\"":2.125156703},\""feet\"":{\""estimated_diameter_min\"":5018.1082755472,\""estimated_diameter_max\"":11220.8312225778}}""",f,2017-07-29 19:29:29.189499,2017-07-29 19:29:29.189499
2002368,2368 Beltrovata (1977 RA),http://ssd.jpl.nasa.gov/sbdb.cgi?sstr=2002368,15.21,"""{\""kilometers\"":{\""estimated_diameter_min\"":2.4129869692,\""estimated_diameter_max\"":5.395602892},\""meters\"":{\""estimated_diameter_min\"":2412.9869692136,\""estimated_diameter_max\"":5395.6028919828},\""miles\"":{\""estimated_diameter_min\"":1.499360126,\""estimated_diameter_max\"":3.3526711646},\""feet\"":{\""estimated_diameter_min\"":7916.6241680748,\""estimated_diameter_max\"":17702.109792133}}""",f,2017-07-29 19:29:29.287163,2017-07-29 19:29:29.287163
2002608,2608 Seneca (1978 DA),http://ssd.jpl.nasa.gov/sbdb.cgi?sstr=2002608,17.52,"""{\""kilometers\"":{\""estimated_diameter_min\"":0.8328273455,\""estimated_diameter_max\"":1.8622585581},\""meters\"":{\""estimated_diameter_min\"":832.8273455231,\""estimated_diameter_max\"":1862.2585581103},\""miles\"":{\""estimated_diameter_min\"":0.5174947605,\""estimated_diameter_max\"":1.1571534625},\""feet\"":{\""estimated_diameter_min\"":2732.373268286,\""estimated_diameter_max\"":6109.7723677907}}""",f,2017-07-29 19:29:29.526865,2017-07-29 19:29:29.526865
2003199,3199 Nefertiti (1982 RA),http://ssd.jpl.nasa.gov/sbdb.cgi?sstr=2003199,14.84,"""{\""kilometers\"":{\""estimated_diameter_min\"":2.8612445378,\""estimated_diameter_max\"":6.3979372868},\""meters\"":{\""estimated_diameter_min\"":2861.2445378281,\""estimated_diameter_max\"":6397.9372868336},\""miles\"":{\""estimated_diameter_min\"":1.7778943797,\""estimated_diameter_max\"":3.9754926899},\""feet\"":{\""estimated_diameter_min\"":9387.2855294879,\""estimated_diameter_max\"":20990.6085681352}}""",f,2017-07-29 19:29:29.716631,2017-07-29 19:29:29.716631
2002340,2340 Hathor (1976 UA),http://ssd.jpl.nasa.gov/sbdb.cgi?sstr=2002340,20.2,"""{\""kilometers\"":{\""estimated_diameter_min\"":0.2424124811,\""estimated_diameter_max\"":0.5420507863},\""meters\"":{\""estimated_diameter_min\"":242.4124811008,\""estimated_diameter_max\"":542.0507863358},\""miles\"":{\""estimated_diameter_min\"":0.1506280858,\""estimated_diameter_max\"":0.3368146392},\""feet\"":{\""estimated_diameter_min\"":795.3165644948,\""estimated_diameter_max\"":1778.3819018419}}""",t,2017-07-29 19:29:29.938114,2017-07-29 19:29:29.938114
2003122,3122 Florence (1981 ET3),http://ssd.jpl.nasa.gov/sbdb.cgi?sstr=2003122,14.1,"""{\""kilometers\"":{\""estimated_diameter_min\"":4.0230457983,\""estimated_diameter_max\"":8.9958038817},\""meters\"":{\""estimated_diameter_min\"":4023.0457983434,\""estimated_diameter_max\"":8995.8038816908},\""miles\"":{\""estimated_diameter_min\"":2.4998039908,\""estimated_diameter_max\"":5.5897316538},\""feet\"":{\""estimated_diameter_min\"":13198.9695770371,\""estimated_diameter_max\"":29513.7932072066}}""",t,2017-07-29 19:29:31.463367,2017-07-29 19:29:31.463367
2003288,3288 Seleucus (1982 DV),http://ssd.jpl.nasa.gov/sbdb.cgi?sstr=2003288,15.3,"""{\""kilometers\"":{\""estimated_diameter_min\"":2.3150212221,\""estimated_diameter_max\"":5.176544822},\""meters\"":{\""estimated_diameter_min\"":2315.0212221033,\""estimated_diameter_max\"":5176.5448219775},\""miles\"":{\""estimated_diameter_min\"":1.4384870518,\""estimated_diameter_max\"":3.2165548326},\""feet\"":{\""estimated_diameter_min\"":7595.2142263253,\""estimated_diameter_max\"":16983.4153137368}}""",f,2017-07-29 19:29:31.637194,2017-07-29 19:29:31.637194
2003103,3103 Eger (1982 BB),http://ssd.jpl.nasa.gov/sbdb.cgi?sstr=2003103,15.38,"""{\""kilometers\"":{\""estimated_diameter_min\"":2.2312846442,\""estimated_diameter_max\"":4.9893041415},\""meters\"":{\""estimated_diameter_min\"":2231.2846441686,\""estimated_diameter_max\"":4989.3041415123},\""miles\"":{\""estimated_diameter_min\"":1.3864555706,\""estimated_diameter_max\"":3.1002089037},\""feet\"":{\""estimated_diameter_min\"":7320.487911974,\""estimated_diameter_max\"":16369.1085996393}}""",f,2017-07-29 19:29:31.800068,2017-07-29 19:29:31.800068
2003271,3271 Ul (1982 RB),http://ssd.jpl.nasa.gov/sbdb.cgi?sstr=2003271,16.5,"""{\""kilometers\"":{\""estimated_diameter_min\"":1.332155667,\""estimated_diameter_max\"":2.978790628},\""meters\"":{\""estimated_diameter_min\"":1332.1556669813,\""estimated_diameter_max\"":2978.7906279817},\""miles\"":{\""estimated_diameter_min\"":0.8277628989,\""estimated_diameter_max\"":1.8509341113},\""feet\"":{\""estimated_diameter_min\"":4370.5895984589,\""estimated_diameter_max\"":9772.9354439076}}""",f,2017-07-29 19:29:32.503797,2017-07-29 19:29:32.503797
2003200,3200 Phaethon (1983 TB),http://ssd.jpl.nasa.gov/sbdb.cgi?sstr=2003200,14.6,"""{\""kilometers\"":{\""estimated_diameter_min\"":3.1956188672,\""estimated_diameter_max\"":7.1456210173},\""meters\"":{\""estimated_diameter_min\"":3195.6188672131,\""estimated_diameter_max\"":7145.6210172693},\""miles\"":{\""estimated_diameter_min\"":1.9856648911,\""estimated_diameter_max\"":4.4400816771},\""feet\"":{\""estimated_diameter_min\"":10484.3142043074,\""estimated_diameter_max\"":23443.6392582979}}""",t,2017-07-29 19:29:32.695657,2017-07-29 19:29:32.695657
2003352,3352 McAuliffe (1981 CW),http://ssd.jpl.nasa.gov/sbdb.cgi?sstr=2003352,15.8,"""{\""kilometers\"":{\""estimated_diameter_min\"":1.8388867207,\""estimated_diameter_max\"":4.1118757104},\""meters\"":{\""estimated_diameter_min\"":1838.8867207025,\""estimated_diameter_max\"":4111.8757104125},\""miles\"":{\""estimated_diameter_min\"":1.1426308805,\""estimated_diameter_max\"":2.5550003221},\""feet\"":{\""estimated_diameter_min\"":6033.0931087497,\""estimated_diameter_max\"":13490.4063057499}}""",f,2017-07-29 19:29:33.629036,2017-07-29 19:29:33.629036
2003360,3360 Syrinx (1981 VA),http://ssd.jpl.nasa.gov/sbdb.cgi?sstr=2003360,15.9,"""{\""kilometers\"":{\""estimated_diameter_min\"":1.7561231848,\""estimated_diameter_max\"":3.9268108181},\""meters\"":{\""estimated_diameter_min\"":1756.1231848042,\""estimated_diameter_max\"":3926.8108180856},\""miles\"":{\""estimated_diameter_min\"":1.0912040195,\""estimated_diameter_max\"":2.4400063648},\""feet\"":{\""estimated_diameter_min\"":5761.559189633,\""estimated_diameter_max\"":12883.2380044079}}""",f,2017-07-29 19:29:33.840187,2017-07-29 19:29:33.840187
2003361,3361 Orpheus (1982 HR),http://ssd.jpl.nasa.gov/sbdb.cgi?sstr=2003361,19.03,"""{\""kilometers\"":{\""estimated_diameter_min\"":0.4154846434,\""estimated_diameter_max\"":0.9290519063},\""meters\"":{\""estimated_diameter_min\"":415.484643414,\""estimated_diameter_max\"":929.0519062809},\""miles\"":{\""estimated_diameter_min\"":0.2581701084,\""estimated_diameter_max\"":0.5772859121},\""feet\"":{\""estimated_diameter_min\"":1363.1386374983,\""estimated_diameter_max\"":3048.0706562026}}""",t,2017-07-29 19:29:34.273103,2017-07-29 19:29:34.273103
2003551,3551 Verenia (1983 RD),http://ssd.jpl.nasa.gov/sbdb.cgi?sstr=2003551,16.75,"""{\""kilometers\"":{\""estimated_diameter_min\"":1.1872849879,\""estimated_diameter_max\"":2.6548499417},\""meters\"":{\""estimated_diameter_min\"":1187.2849879373,\""estimated_diameter_max\"":2654.8499416927},\""miles\"":{\""estimated_diameter_min\"":0.7377444602,\""estimated_diameter_max\"":1.6496467631},\""feet\"":{\""estimated_diameter_min\"":3895.2920798241,\""estimated_diameter_max\"":8710.1378827032}}""",f,2017-07-29 19:29:35.425894,2017-07-29 19:29:35.425894
2003553,3553 Mera (1985 JA),http://ssd.jpl.nasa.gov/sbdb.cgi?sstr=2003553,16.4,"""{\""kilometers\"":{\""estimated_diameter_min\"":1.3949382293,\""estimated_diameter_max\"":3.1191767052},\""meters\"":{\""estimated_diameter_min\"":1394.9382293439,\""estimated_diameter_max\"":3119.1767052261},\""miles\"":{\""estimated_diameter_min\"":0.8667741625,\""estimated_diameter_max\"":1.9381659485},\""feet\"":{\""estimated_diameter_min\"":4576.5691403606,\""estimated_diameter_max\"":10233.5197015741}}""",f,2017-07-29 19:29:35.568732,2017-07-29 19:29:35.568732
2003362,3362 Khufu (1984 QA),http://ssd.jpl.nasa.gov/sbdb.cgi?sstr=2003362,18.3,"""{\""kilometers\"":{\""estimated_diameter_min\"":0.5815070396,\""estimated_diameter_max\"":1.30028927},\""meters\"":{\""estimated_diameter_min\"":581.5070396458,\""estimated_diameter_max\"":1300.2892700427},\""miles\"":{\""estimated_diameter_min\"":0.3613316107,\""estimated_diameter_max\"":0.807962044},\""feet\"":{\""estimated_diameter_min\"":1907.8315559515,\""estimated_diameter_max\"":4266.0410487267}}""",t,2017-07-29 19:29:35.782427,2017-07-29 19:29:35.782427
2003691,3691 Bede (1982 FT),http://ssd.jpl.nasa.gov/sbdb.cgi?sstr=2003691,14.7,"""{\""kilometers\"":{\""estimated_diameter_min\"":3.0517923259,\""estimated_diameter_max\"":6.824015094},\""meters\"":{\""estimated_diameter_min\"":3051.7923259387,\""estimated_diameter_max\"":6824.0150940112},\""miles\"":{\""estimated_diameter_min\"":1.8962952494,\""estimated_diameter_max\"":4.240245083},\""feet\"":{\""estimated_diameter_min\"":10012.4423346328,\""estimated_diameter_max\"":22388.5016810356}}""",f,2017-07-29 19:29:37.573542,2017-07-29 19:29:37.573542
2003671,3671 Dionysus (1984 KD),http://ssd.jpl.nasa.gov/sbdb.cgi?sstr=2003671,16.5,"""{\""kilometers\"":{\""estimated_diameter_min\"":1.332155667,\""estimated_diameter_max\"":2.978790628},\""meters\"":{\""estimated_diameter_min\"":1332.1556669813,\""estimated_diameter_max\"":2978.7906279817},\""miles\"":{\""estimated_diameter_min\"":0.8277628989,\""estimated_diameter_max\"":1.8509341113},\""feet\"":{\""estimated_diameter_min\"":4370.5895984589,\""estimated_diameter_max\"":9772.9354439076}}""",t,2017-07-29 19:29:37.709529,2017-07-29 19:29:37.709529
2003757,3757 Anagolay (1982 XB),http://ssd.jpl.nasa.gov/sbdb.cgi?sstr=2003757,18.95,"""{\""kilometers\"":{\""estimated_diameter_min\"":0.4310771239,\""estimated_diameter_max\"":0.9639177525},\""meters\"":{\""estimated_diameter_min\"":431.077123878,\""estimated_diameter_max\"":963.9177525363},\""miles\"":{\""estimated_diameter_min\"":0.2678588235,\""estimated_diameter_max\"":0.5989505378},\""feet\"":{\""estimated_diameter_min\"":1414.2950711039,\""estimated_diameter_max\"":3162.4599192312}}""",t,2017-07-29 19:29:37.921778,2017-07-29 19:29:37.921778
2003752,3752 Camillo (1985 PA),http://ssd.jpl.nasa.gov/sbdb.cgi?sstr=2003752,15.3,"""{\""kilometers\"":{\""estimated_diameter_min\"":2.3150212221,\""estimated_diameter_max\"":5.176544822},\""meters\"":{\""estimated_diameter_min\"":2315.0212221033,\""estimated_diameter_max\"":5176.5448219775},\""miles\"":{\""estimated_diameter_min\"":1.4384870518,\""estimated_diameter_max\"":3.2165548326},\""feet\"":{\""estimated_diameter_min\"":7595.2142263253,\""estimated_diameter_max\"":16983.4153137368}}""",f,2017-07-29 19:29:38.131692,2017-07-29 19:29:38.131692
2003552,3552 Don Quixote (1983 SA),http://ssd.jpl.nasa.gov/sbdb.cgi?sstr=2003552,12.9,"""{\""kilometers\"":{\""estimated_diameter_min\"":6.9912523225,\""estimated_diameter_max\"":15.6329154409},\""meters\"":{\""estimated_diameter_min\"":6991.2523224579,\""estimated_diameter_max\"":15632.9154408692},\""miles\"":{\""estimated_diameter_min\"":4.3441614469,\""estimated_diameter_max\"":9.7138403004},\""feet\"":{\""estimated_diameter_min\"":22937.1802696129,\""estimated_diameter_max\"":51289.0942950213}}""",f,2017-07-29 19:29:38.345908,2017-07-29 19:29:38.345908
2003908,3908 Nyx (1980 PA),http://ssd.jpl.nasa.gov/sbdb.cgi?sstr=2003908,17.3,"""{\""kilometers\"":{\""estimated_diameter_min\"":0.9216265485,\""estimated_diameter_max\"":2.0608196123},\""meters\"":{\""estimated_diameter_min\"":921.6265485028,\""estimated_diameter_max\"":2060.8196123208},\""miles\"":{\""estimated_diameter_min\"":0.5726720101,\""estimated_diameter_max\"":1.2805335433},\""feet\"":{\""estimated_diameter_min\"":3023.70924539,\""estimated_diameter_max\"":6761.2194168867}}""",f,2017-07-29 19:29:38.471788,2017-07-29 19:29:38.471788
2003753,3753 Cruithne (1986 TO),http://ssd.jpl.nasa.gov/sbdb.cgi?sstr=2003753,15.6,"""{\""kilometers\"":{\""estimated_diameter_min\"":2.0162991944,\""estimated_diameter_max\"":4.5085820617},\""meters\"":{\""estimated_diameter_min\"":2016.2991944276,\""estimated_diameter_max\"":4508.5820617181},\""miles\"":{\""estimated_diameter_min\"":1.2528698467,\""estimated_diameter_max\"":2.8015021443},\""feet\"":{\""estimated_diameter_min\"":6615.1550490457,\""estimated_diameter_max\"":14791.9363713673}}""",f,2017-07-29 19:29:38.806076,2017-07-29 19:29:38.806076
2003838,3838 Epona (1986 WA),http://ssd.jpl.nasa.gov/sbdb.cgi?sstr=2003838,15.6,"""{\""kilometers\"":{\""estimated_diameter_min\"":2.0162991944,\""estimated_diameter_max\"":4.5085820617},\""meters\"":{\""estimated_diameter_min\"":2016.2991944276,\""estimated_diameter_max\"":4508.5820617181},\""miles\"":{\""estimated_diameter_min\"":1.2528698467,\""estimated_diameter_max\"":2.8015021443},\""feet\"":{\""estimated_diameter_min\"":6615.1550490457,\""estimated_diameter_max\"":14791.9363713673}}""",f,2017-07-29 19:29:39.697876,2017-07-29 19:29:39.697876
2003988,3988 Huma (1986 LA),http://ssd.jpl.nasa.gov/sbdb.cgi?sstr=2003988,17.9,"""{\""kilometers\"":{\""estimated_diameter_min\"":0.6991252322,\""estimated_diameter_max\"":1.5632915441},\""meters\"":{\""estimated_diameter_min\"":699.1252322458,\""estimated_diameter_max\"":1563.2915440869},\""miles\"":{\""estimated_diameter_min\"":0.4344161447,\""estimated_diameter_max\"":0.97138403},\""feet\"":{\""estimated_diameter_min\"":2293.7180269613,\""estimated_diameter_max\"":5128.9094295021}}""",f,2017-07-29 19:29:40.126122,2017-07-29 19:29:40.126122
2004015,4015 Wilson-Harrington (1979 VA),http://ssd.jpl.nasa.gov/sbdb.cgi?sstr=2004015,15.99,"""{\""kilometers\"":{\""estimated_diameter_min\"":1.6848256925,\""estimated_diameter_max\"":3.7673847787},\""meters\"":{\""estimated_diameter_min\"":1684.8256925209,\""estimated_diameter_max\"":3767.3847787149},\""miles\"":{\""estimated_diameter_min\"":1.0469018254,\""estimated_diameter_max\"":2.3409436473},\""feet\"":{\""estimated_diameter_min\"":5527.6435250503,\""estimated_diameter_max\"":12360.1866773991}}""",t,2017-07-29 19:29:40.657277,2017-07-29 19:29:40.657277
2003554,3554 Amun (1986 EB),http://ssd.jpl.nasa.gov/sbdb.cgi?sstr=2003554,15.82,"""{\""kilometers\"":{\""estimated_diameter_min\"":1.8220277059,\""estimated_diameter_max\"":4.0741778073},\""meters\"":{\""estimated_diameter_min\"":1822.0277059112,\""estimated_diameter_max\"":4074.1778073054},\""miles\"":{\""estimated_diameter_min\"":1.1321551776,\""estimated_diameter_max\"":2.5315759383},\""feet\"":{\""estimated_diameter_min\"":5977.7813786616,\""estimated_diameter_max\"":13366.7255173198}}""",f,2017-07-29 19:29:40.893466,2017-07-29 19:29:40.893466
2004034,4034 Vishnu (1986 PA),http://ssd.jpl.nasa.gov/sbdb.cgi?sstr=2004034,18.4,"""{\""kilometers\"":{\""estimated_diameter_min\"":0.5553349116,\""estimated_diameter_max\"":1.2417666126},\""meters\"":{\""estimated_diameter_min\"":555.334911581,\""estimated_diameter_max\"":1241.766612574},\""miles\"":{\""estimated_diameter_min\"":0.3450690093,\""estimated_diameter_max\"":0.7715977618},\""feet\"":{\""estimated_diameter_min\"":1821.9649913114,\""estimated_diameter_max\"":4074.0375731972}}""",t,2017-07-29 19:29:42.557942,2017-07-29 19:29:42.557942
2004055,4055 Magellan (1985 DO2),http://ssd.jpl.nasa.gov/sbdb.cgi?sstr=2004055,14.8,"""{\""kilometers\"":{\""estimated_diameter_min\"":2.9144390453,\""estimated_diameter_max\"":6.5168838217},\""meters\"":{\""estimated_diameter_min\"":2914.4390453486,\""estimated_diameter_max\"":6516.883821679},\""miles\"":{\""estimated_diameter_min\"":1.810947904,\""estimated_diameter_max\"":4.0494026172},\""feet\"":{\""estimated_diameter_min\"":9561.8081975415,\""estimated_diameter_max\"":21380.8531175174}}""",f,2017-07-29 19:29:43.980233,2017-07-29 19:29:43.980233
2004179,4179 Toutatis (1989 AC),http://ssd.jpl.nasa.gov/sbdb.cgi?sstr=2004179,15.3,"""{\""kilometers\"":{\""estimated_diameter_min\"":2.3150212221,\""estimated_diameter_max\"":5.176544822},\""meters\"":{\""estimated_diameter_min\"":2315.0212221033,\""estimated_diameter_max\"":5176.5448219775},\""miles\"":{\""estimated_diameter_min\"":1.4384870518,\""estimated_diameter_max\"":3.2165548326},\""feet\"":{\""estimated_diameter_min\"":7595.2142263253,\""estimated_diameter_max\"":16983.4153137368}}""",t,2017-07-29 19:29:44.15212,2017-07-29 19:29:44.15212
2004183,4183 Cuno (1959 LM),http://ssd.jpl.nasa.gov/sbdb.cgi?sstr=2004183,14.4,"""{\""kilometers\"":{\""estimated_diameter_min\"":3.5039264111,\""estimated_diameter_max\"":7.8350176433},\""meters\"":{\""estimated_diameter_min\"":3503.9264110829,\""estimated_diameter_max\"":7835.0176433383},\""miles\"":{\""estimated_diameter_min\"":2.177238258,\""estimated_diameter_max\"":4.8684527481},\""feet\"":{\""estimated_diameter_min\"":11495.8219265373,\""estimated_diameter_max\"":25705.4392849701}}""",t,2017-07-29 19:29:44.453946,2017-07-29 19:29:44.453946
2004257,4257 Ubasti (1987 QA),http://ssd.jpl.nasa.gov/sbdb.cgi?sstr=2004257,15.9,"""{\""kilometers\"":{\""estimated_diameter_min\"":1.7561231848,\""estimated_diameter_max\"":3.9268108181},\""meters\"":{\""estimated_diameter_min\"":1756.1231848042,\""estimated_diameter_max\"":3926.8108180856},\""miles\"":{\""estimated_diameter_min\"":1.0912040195,\""estimated_diameter_max\"":2.4400063648},\""feet\"":{\""estimated_diameter_min\"":5761.559189633,\""estimated_diameter_max\"":12883.2380044079}}""",f,2017-07-29 19:29:44.854171,2017-07-29 19:29:44.854171
2004341,4341 Poseidon (1987 KF),http://ssd.jpl.nasa.gov/sbdb.cgi?sstr=2004341,16,"""{\""kilometers\"":{\""estimated_diameter_min\"":1.6770846216,\""estimated_diameter_max\"":3.750075218},\""meters\"":{\""estimated_diameter_min\"":1677.0846216284,\""estimated_diameter_max\"":3750.0752179805},\""miles\"":{\""estimated_diameter_min\"":1.0420917484,\""estimated_diameter_max\"":2.3301879883},\""feet\"":{\""estimated_diameter_min\"":5502.2463100232,\""estimated_diameter_max\"":12303.3967781592}}""",f,2017-07-29 19:29:45.410478,2017-07-29 19:29:45.410478
2004197,4197 Morpheus (1982 TA),http://ssd.jpl.nasa.gov/sbdb.cgi?sstr=2004197,14.6,"""{\""kilometers\"":{\""estimated_diameter_min\"":3.1956188672,\""estimated_diameter_max\"":7.1456210173},\""meters\"":{\""estimated_diameter_min\"":3195.6188672131,\""estimated_diameter_max\"":7145.6210172693},\""miles\"":{\""estimated_diameter_min\"":1.9856648911,\""estimated_diameter_max\"":4.4400816771},\""feet\"":{\""estimated_diameter_min\"":10484.3142043074,\""estimated_diameter_max\"":23443.6392582979}}""",f,2017-07-29 19:29:46.332548,2017-07-29 19:29:46.332548
2004401,4401 Aditi (1985 TB),http://ssd.jpl.nasa.gov/sbdb.cgi?sstr=2004401,16,"""{\""kilometers\"":{\""estimated_diameter_min\"":1.6770846216,\""estimated_diameter_max\"":3.750075218},\""meters\"":{\""estimated_diameter_min\"":1677.0846216284,\""estimated_diameter_max\"":3750.0752179805},\""miles\"":{\""estimated_diameter_min\"":1.0420917484,\""estimated_diameter_max\"":2.3301879883},\""feet\"":{\""estimated_diameter_min\"":5502.2463100232,\""estimated_diameter_max\"":12303.3967781592}}""",f,2017-07-29 19:29:46.747263,2017-07-29 19:29:46.747263
2004487,4487 Pocahontas (1987 UA),http://ssd.jpl.nasa.gov/sbdb.cgi?sstr=2004487,17.4,"""{\""kilometers\"":{\""estimated_diameter_min\"":0.8801465209,\""estimated_diameter_max\"":1.9680674509},\""meters\"":{\""estimated_diameter_min\"":880.1465209007,\""estimated_diameter_max\"":1968.067450894},\""miles\"":{\""estimated_diameter_min\"":0.5468975238,\""estimated_diameter_max\"":1.22290004},\""feet\"":{\""estimated_diameter_min\"":2887.6199116319,\""estimated_diameter_max\"":6456.914415591}}""",f,2017-07-29 19:29:46.838204,2017-07-29 19:29:46.838204
2004486,4486 Mithra (1987 SB),http://ssd.jpl.nasa.gov/sbdb.cgi?sstr=2004486,15.6,"""{\""kilometers\"":{\""estimated_diameter_min\"":2.0162991944,\""estimated_diameter_max\"":4.5085820617},\""meters\"":{\""estimated_diameter_min\"":2016.2991944276,\""estimated_diameter_max\"":4508.5820617181},\""miles\"":{\""estimated_diameter_min\"":1.2528698467,\""estimated_diameter_max\"":2.8015021443},\""feet\"":{\""estimated_diameter_min\"":6615.1550490457,\""estimated_diameter_max\"":14791.9363713673}}""",t,2017-07-29 19:29:47.04052,2017-07-29 19:29:47.04052
2004450,4450 Pan (1987 SY),http://ssd.jpl.nasa.gov/sbdb.cgi?sstr=2004450,17.1,"""{\""kilometers\"":{\""estimated_diameter_min\"":1.0105434154,\""estimated_diameter_max\"":2.2596437711},\""meters\"":{\""estimated_diameter_min\"":1010.5434154201,\""estimated_diameter_max\"":2259.643771094},\""miles\"":{\""estimated_diameter_min\"":0.6279223726,\""estimated_diameter_max\"":1.4040771097},\""feet\"":{\""estimated_diameter_min\"":3315.4312590467,\""estimated_diameter_max\"":7413.5296699562}}""",t,2017-07-29 19:29:47.444561,2017-07-29 19:29:47.444561
2004596,4596 (1981 QB),http://ssd.jpl.nasa.gov/sbdb.cgi?sstr=2004596,16.4,"""{\""kilometers\"":{\""estimated_diameter_min\"":1.3949382293,\""estimated_diameter_max\"":3.1191767052},\""meters\"":{\""estimated_diameter_min\"":1394.9382293439,\""estimated_diameter_max\"":3119.1767052261},\""miles\"":{\""estimated_diameter_min\"":0.8667741625,\""estimated_diameter_max\"":1.9381659485},\""feet\"":{\""estimated_diameter_min\"":4576.5691403606,\""estimated_diameter_max\"":10233.5197015741}}""",f,2017-07-29 19:29:48.446691,2017-07-29 19:29:48.446691
2004503,4503 Cleobulus (1989 WM),http://ssd.jpl.nasa.gov/sbdb.cgi?sstr=2004503,15.6,"""{\""kilometers\"":{\""estimated_diameter_min\"":2.0162991944,\""estimated_diameter_max\"":4.5085820617},\""meters\"":{\""estimated_diameter_min\"":2016.2991944276,\""estimated_diameter_max\"":4508.5820617181},\""miles\"":{\""estimated_diameter_min\"":1.2528698467,\""estimated_diameter_max\"":2.8015021443},\""feet\"":{\""estimated_diameter_min\"":6615.1550490457,\""estimated_diameter_max\"":14791.9363713673}}""",f,2017-07-29 19:29:48.56638,2017-07-29 19:29:48.56638
2004544,4544 Xanthus (1989 FB),http://ssd.jpl.nasa.gov/sbdb.cgi?sstr=2004544,17.1,"""{\""kilometers\"":{\""estimated_diameter_min\"":1.0105434154,\""estimated_diameter_max\"":2.2596437711},\""meters\"":{\""estimated_diameter_min\"":1010.5434154201,\""estimated_diameter_max\"":2259.643771094},\""miles\"":{\""estimated_diameter_min\"":0.6279223726,\""estimated_diameter_max\"":1.4040771097},\""feet\"":{\""estimated_diameter_min\"":3315.4312590467,\""estimated_diameter_max\"":7413.5296699562}}""",f,2017-07-29 19:29:48.72278,2017-07-29 19:29:48.72278
2004688,4688 (1980 WF),http://ssd.jpl.nasa.gov/sbdb.cgi?sstr=2004688,19.4,"""{\""kilometers\"":{\""estimated_diameter_min\"":0.3503926411,\""estimated_diameter_max\"":0.7835017643},\""meters\"":{\""estimated_diameter_min\"":350.3926411083,\""estimated_diameter_max\"":783.5017643338},\""miles\"":{\""estimated_diameter_min\"":0.2177238258,\""estimated_diameter_max\"":0.4868452748},\""feet\"":{\""estimated_diameter_min\"":1149.5821926537,\""estimated_diameter_max\"":2570.543928497}}""",f,2017-07-29 19:29:50.150968,2017-07-29 19:29:50.150968
2004660,4660 Nereus (1982 DB),http://ssd.jpl.nasa.gov/sbdb.cgi?sstr=2004660,18.2,"""{\""kilometers\"":{\""estimated_diameter_min\"":0.6089126221,\""estimated_diameter_max\"":1.3615700154},\""meters\"":{\""estimated_diameter_min\"":608.9126221057,\""estimated_diameter_max\"":1361.5700153859},\""miles\"":{\""estimated_diameter_min\"":0.3783606449,\""estimated_diameter_max\"":0.846040122},\""feet\"":{\""estimated_diameter_min\"":1997.7448871092,\""estimated_diameter_max\"":4467.0933692788}}""",t,2017-07-29 19:29:50.606741,2017-07-29 19:29:50.606741
2004581,4581 Asclepius (1989 FC),http://ssd.jpl.nasa.gov/sbdb.cgi?sstr=2004581,20.7,"""{\""kilometers\"":{\""estimated_diameter_min\"":0.1925550782,\""estimated_diameter_max\"":0.4305662442},\""meters\"":{\""estimated_diameter_min\"":192.5550781879,\""estimated_diameter_max\"":430.566244241},\""miles\"":{\""estimated_diameter_min\"":0.1196481415,\""estimated_diameter_max\"":0.2675413778},\""feet\"":{\""estimated_diameter_min\"":631.7424027221,\""estimated_diameter_max\"":1412.6189567557}}""",t,2017-07-29 19:29:51.063181,2017-07-29 19:29:51.063181
2004769,4769 Castalia (1989 PB),http://ssd.jpl.nasa.gov/sbdb.cgi?sstr=2004769,16.9,"""{\""kilometers\"":{\""estimated_diameter_min\"":1.1080388213,\""estimated_diameter_max\"":2.4776501261},\""meters\"":{\""estimated_diameter_min\"":1108.0388212642,\""estimated_diameter_max\"":2477.6501260554},\""miles\"":{\""estimated_diameter_min\"":0.6885031904,\""estimated_diameter_max\"":1.5395399365},\""feet\"":{\""estimated_diameter_min\"":3635.2980863563,\""estimated_diameter_max\"":8128.7736395675}}""",t,2017-07-29 19:29:52.615423,2017-07-29 19:29:52.615423
2004947,4947 Ninkasi (1988 TJ1),http://ssd.jpl.nasa.gov/sbdb.cgi?sstr=2004947,18,"""{\""kilometers\"":{\""estimated_diameter_min\"":0.6676594135,\""estimated_diameter_max\"":1.4929318344},\""meters\"":{\""estimated_diameter_min\"":667.6594134952,\""estimated_diameter_max\"":1492.931834393},\""miles\"":{\""estimated_diameter_min\"":0.4148641974,\""estimated_diameter_max\"":0.9276645469},\""feet\"":{\""estimated_diameter_min\"":2190.4837101717,\""estimated_diameter_max\"":4898.07047955}}""",f,2017-07-29 19:29:54.352118,2017-07-29 19:29:54.352118
2004954,4954 Eric (1990 SQ),http://ssd.jpl.nasa.gov/sbdb.cgi?sstr=2004954,12.6,"""{\""kilometers\"":{\""estimated_diameter_min\"":8.0270316728,\""estimated_diameter_max\"":17.948988478},\""meters\"":{\""estimated_diameter_min\"":8027.0316728286,\""estimated_diameter_max\"":17948.9884779885},\""miles\"":{\""estimated_diameter_min\"":4.9877646976,\""estimated_diameter_max\"":11.1529809196},\""feet\"":{\""estimated_diameter_min\"":26335.4065934828,\""estimated_diameter_max\"":58887.7593581238}}""",f,2017-07-29 19:29:54.797466,2017-07-29 19:29:54.797466
2004953,4953 (1990 MU),http://ssd.jpl.nasa.gov/sbdb.cgi?sstr=2004953,14.1,"""{\""kilometers\"":{\""estimated_diameter_min\"":4.0230457983,\""estimated_diameter_max\"":8.9958038817},\""meters\"":{\""estimated_diameter_min\"":4023.0457983434,\""estimated_diameter_max\"":8995.8038816908},\""miles\"":{\""estimated_diameter_min\"":2.4998039908,\""estimated_diameter_max\"":5.5897316538},\""feet\"":{\""estimated_diameter_min\"":13198.9695770371,\""estimated_diameter_max\"":29513.7932072066}}""",t,2017-07-29 19:29:54.963376,2017-07-29 19:29:54.963376
2005131,5131 (1990 BG),http://ssd.jpl.nasa.gov/sbdb.cgi?sstr=2005131,14.7,"""{\""kilometers\"":{\""estimated_diameter_min\"":3.0517923259,\""estimated_diameter_max\"":6.824015094},\""meters\"":{\""estimated_diameter_min\"":3051.7923259387,\""estimated_diameter_max\"":6824.0150940112},\""miles\"":{\""estimated_diameter_min\"":1.8962952494,\""estimated_diameter_max\"":4.240245083},\""feet\"":{\""estimated_diameter_min\"":10012.4423346328,\""estimated_diameter_max\"":22388.5016810356}}""",f,2017-07-29 19:29:55.453095,2017-07-29 19:29:55.453095
2005324,5324 Lyapunov (1987 SL),http://ssd.jpl.nasa.gov/sbdb.cgi?sstr=2005324,15.5,"""{\""kilometers\"":{\""estimated_diameter_min\"":2.1113244479,\""estimated_diameter_max\"":4.7210649881},\""meters\"":{\""estimated_diameter_min\"":2111.3244478971,\""estimated_diameter_max\"":4721.0649880552},\""miles\"":{\""estimated_diameter_min\"":1.3119157835,\""estimated_diameter_max\"":2.9335328727},\""feet\"":{\""estimated_diameter_min\"":6926.9177016389,\""estimated_diameter_max\"":15489.0588554111}}""",f,2017-07-29 19:29:55.975082,2017-07-29 19:29:55.975082
2004957,4957 Brucemurray (1990 XJ),http://ssd.jpl.nasa.gov/sbdb.cgi?sstr=2004957,14.9,"""{\""kilometers\"":{\""estimated_diameter_min\"":2.7832676807,\""estimated_diameter_max\"":6.2235757337},\""meters\"":{\""estimated_diameter_min\"":2783.2676807193,\""estimated_diameter_max\"":6223.5757336665},\""miles\"":{\""estimated_diameter_min\"":1.729441822,\""estimated_diameter_max\"":3.8671494772},\""feet\"":{\""estimated_diameter_min\"":9131.4559376111,\""estimated_diameter_max\"":20418.5562100425}}""",f,2017-07-29 19:29:56.162689,2017-07-29 19:29:56.162689
2005143,5143 Heracles (1991 VL),http://ssd.jpl.nasa.gov/sbdb.cgi?sstr=2005143,14,"""{\""kilometers\"":{\""estimated_diameter_min\"":4.2126461056,\""estimated_diameter_max\"":9.4197630572},\""meters\"":{\""estimated_diameter_min\"":4212.6461055616,\""estimated_diameter_max\"":9419.7630571856},\""miles\"":{\""estimated_diameter_min\"":2.6176161233,\""estimated_diameter_max\"":5.8531675906},\""feet\"":{\""estimated_diameter_min\"":13821.0178489709,\""estimated_diameter_max\"":30904.7354285368}}""",f,2017-07-29 19:29:56.422719,2017-07-29 19:29:56.422719
2005011,5011 Ptah (6743 P-L),http://ssd.jpl.nasa.gov/sbdb.cgi?sstr=2005011,16.4,"""{\""kilometers\"":{\""estimated_diameter_min\"":1.3949382293,\""estimated_diameter_max\"":3.1191767052},\""meters\"":{\""estimated_diameter_min\"":1394.9382293439,\""estimated_diameter_max\"":3119.1767052261},\""miles\"":{\""estimated_diameter_min\"":0.8667741625,\""estimated_diameter_max\"":1.9381659485},\""feet\"":{\""estimated_diameter_min\"":4576.5691403606,\""estimated_diameter_max\"":10233.5197015741}}""",t,2017-07-29 19:29:56.936892,2017-07-29 19:29:56.936892
2005370,5370 Taranis (1986 RA),http://ssd.jpl.nasa.gov/sbdb.cgi?sstr=2005370,15.2,"""{\""kilometers\"":{\""estimated_diameter_min\"":2.424124811,\""estimated_diameter_max\"":5.4205078634},\""meters\"":{\""estimated_diameter_min\"":2424.124811008,\""estimated_diameter_max\"":5420.5078633577},\""miles\"":{\""estimated_diameter_min\"":1.5062808579,\""estimated_diameter_max\"":3.3681463916},\""feet\"":{\""estimated_diameter_min\"":7953.1656449475,\""estimated_diameter_max\"":17783.8190184186}}""",f,2017-07-29 19:29:57.368898,2017-07-29 19:29:57.368898
2005332,5332 Davidaguilar (1990 DA),http://ssd.jpl.nasa.gov/sbdb.cgi?sstr=2005332,14.7,"""{\""kilometers\"":{\""estimated_diameter_min\"":3.0517923259,\""estimated_diameter_max\"":6.824015094},\""meters\"":{\""estimated_diameter_min\"":3051.7923259387,\""estimated_diameter_max\"":6824.0150940112},\""miles\"":{\""estimated_diameter_min\"":1.8962952494,\""estimated_diameter_max\"":4.240245083},\""feet\"":{\""estimated_diameter_min\"":10012.4423346328,\""estimated_diameter_max\"":22388.5016810356}}""",f,2017-07-29 19:29:57.45201,2017-07-29 19:29:57.45201
2005189,5189 (1990 UQ),http://ssd.jpl.nasa.gov/sbdb.cgi?sstr=2005189,17.9,"""{\""kilometers\"":{\""estimated_diameter_min\"":0.6991252322,\""estimated_diameter_max\"":1.5632915441},\""meters\"":{\""estimated_diameter_min\"":699.1252322458,\""estimated_diameter_max\"":1563.2915440869},\""miles\"":{\""estimated_diameter_min\"":0.4344161447,\""estimated_diameter_max\"":0.97138403},\""feet\"":{\""estimated_diameter_min\"":2293.7180269613,\""estimated_diameter_max\"":5128.9094295021}}""",t,2017-07-29 19:29:57.599146,2017-07-29 19:29:57.599146
2005587,5587 (1990 SB),http://ssd.jpl.nasa.gov/sbdb.cgi?sstr=2005587,13.8,"""{\""kilometers\"":{\""estimated_diameter_min\"":4.6190746028,\""estimated_diameter_max\"":10.328564805},\""meters\"":{\""estimated_diameter_min\"":4619.0746028158,\""estimated_diameter_max\"":10328.5648050391},\""miles\"":{\""estimated_diameter_min\"":2.870159005,\""estimated_diameter_max\"":6.4178706415},\""feet\"":{\""estimated_diameter_min\"":15154.4447199023,\""estimated_diameter_max\"":33886.3685549643}}""",f,2017-07-29 19:29:58.269373,2017-07-29 19:29:58.269373
2005496,5496 (1973 NA),http://ssd.jpl.nasa.gov/sbdb.cgi?sstr=2005496,16,"""{\""kilometers\"":{\""estimated_diameter_min\"":1.6770846216,\""estimated_diameter_max\"":3.750075218},\""meters\"":{\""estimated_diameter_min\"":1677.0846216284,\""estimated_diameter_max\"":3750.0752179805},\""miles\"":{\""estimated_diameter_min\"":1.0420917484,\""estimated_diameter_max\"":2.3301879883},\""feet\"":{\""estimated_diameter_min\"":5502.2463100232,\""estimated_diameter_max\"":12303.3967781592}}""",f,2017-07-29 19:29:58.469264,2017-07-29 19:29:58.469264
2005590,5590 (1990 VA),http://ssd.jpl.nasa.gov/sbdb.cgi?sstr=2005590,19.7,"""{\""kilometers\"":{\""estimated_diameter_min\"":0.3051792326,\""estimated_diameter_max\"":0.6824015094},\""meters\"":{\""estimated_diameter_min\"":305.1792325939,\""estimated_diameter_max\"":682.4015094011},\""miles\"":{\""estimated_diameter_min\"":0.1896295249,\""estimated_diameter_max\"":0.4240245083},\""feet\"":{\""estimated_diameter_min\"":1001.2442334633,\""estimated_diameter_max\"":2238.8501681036}}""",f,2017-07-29 19:29:58.638961,2017-07-29 19:29:58.638961
2005381,5381 Sekhmet (1991 JY),http://ssd.jpl.nasa.gov/sbdb.cgi?sstr=2005381,16.6,"""{\""kilometers\"":{\""estimated_diameter_min\"":1.2721987854,\""estimated_diameter_max\"":2.844722965},\""meters\"":{\""estimated_diameter_min\"":1272.1987853936,\""estimated_diameter_max\"":2844.7229650327},\""miles\"":{\""estimated_diameter_min\"":0.7905074315,\""estimated_diameter_max\"":1.7676283535},\""feet\"":{\""estimated_diameter_min\"":4173.8806630706,\""estimated_diameter_max\"":9333.0808925979}}""",f,2017-07-29 19:29:59.335536,2017-07-29 19:29:59.335536
2005604,5604 (1992 FE),http://ssd.jpl.nasa.gov/sbdb.cgi?sstr=2005604,17.2,"""{\""kilometers\"":{\""estimated_diameter_min\"":0.9650614696,\""estimated_diameter_max\"":2.1579430484},\""meters\"":{\""estimated_diameter_min\"":965.0614695789,\""estimated_diameter_max\"":2157.9430484443},\""miles\"":{\""estimated_diameter_min\"":0.5996612104,\""estimated_diameter_max\"":1.34088323},\""feet\"":{\""estimated_diameter_min\"":3166.2122718533,\""estimated_diameter_max\"":7079.8658710581}}""",t,2017-07-29 19:30:00.157589,2017-07-29 19:30:00.157589
2005620,5620 Jasonwheeler (1990 OA),http://ssd.jpl.nasa.gov/sbdb.cgi?sstr=2005620,17,"""{\""kilometers\"":{\""estimated_diameter_min\"":1.0581688593,\""estimated_diameter_max\"":2.3661375011},\""meters\"":{\""estimated_diameter_min\"":1058.1688593312,\""estimated_diameter_max\"":2366.137501138},\""miles\"":{\""estimated_diameter_min\"":0.6575154423,\""estimated_diameter_max\"":1.4702492252},\""feet\"":{\""estimated_diameter_min\"":3471.6827204482,\""estimated_diameter_max\"":7762.9185592335}}""",f,2017-07-29 19:30:02.099898,2017-07-29 19:30:02.099898
2005645,5645 (1990 SP),http://ssd.jpl.nasa.gov/sbdb.cgi?sstr=2005645,17.1,"""{\""kilometers\"":{\""estimated_diameter_min\"":1.0105434154,\""estimated_diameter_max\"":2.2596437711},\""meters\"":{\""estimated_diameter_min\"":1010.5434154201,\""estimated_diameter_max\"":2259.643771094},\""miles\"":{\""estimated_diameter_min\"":0.6279223726,\""estimated_diameter_max\"":1.4040771097},\""feet\"":{\""estimated_diameter_min\"":3315.4312590467,\""estimated_diameter_max\"":7413.5296699562}}""",f,2017-07-29 19:30:02.354227,2017-07-29 19:30:02.354227
2005626,5626 (1991 FE),http://ssd.jpl.nasa.gov/sbdb.cgi?sstr=2005626,14.2,"""{\""kilometers\"":{\""estimated_diameter_min\"":3.8419789106,\""estimated_diameter_max\"":8.5909260123},\""meters\"":{\""estimated_diameter_min\"":3841.9789106427,\""estimated_diameter_max\"":8590.9260123176},\""miles\"":{\""estimated_diameter_min\"":2.3872942777,\""estimated_diameter_max\"":5.3381522872},\""feet\"":{\""estimated_diameter_min\"":12604.9180891929,\""estimated_diameter_max\"":28185.4536982521}}""",f,2017-07-29 19:30:02.925301,2017-07-29 19:30:02.925301
2005646,5646 (1990 TR),http://ssd.jpl.nasa.gov/sbdb.cgi?sstr=2005646,15.4,"""{\""kilometers\"":{\""estimated_diameter_min\"":2.2108281036,\""estimated_diameter_max\"":4.9435619262},\""meters\"":{\""estimated_diameter_min\"":2210.8281035909,\""estimated_diameter_max\"":4943.5619261962},\""miles\"":{\""estimated_diameter_min\"":1.3737444696,\""estimated_diameter_max\"":3.0717860176},\""feet\"":{\""estimated_diameter_min\"":7253.3732753852,\""estimated_diameter_max\"":16219.0357099415}}""",f,2017-07-29 19:30:03.05315,2017-07-29 19:30:03.05315
2005653,5653 Camarillo (1992 WD5),http://ssd.jpl.nasa.gov/sbdb.cgi?sstr=2005653,16.2,"""{\""kilometers\"":{\""estimated_diameter_min\"":1.5295193534,\""estimated_diameter_max\"":3.4201092472},\""meters\"":{\""estimated_diameter_min\"":1529.5193534422,\""estimated_diameter_max\"":3420.1092471982},\""miles\"":{\""estimated_diameter_min\"":0.9503989702,\""estimated_diameter_max\"":2.125156703},\""feet\"":{\""estimated_diameter_min\"":5018.1082755472,\""estimated_diameter_max\"":11220.8312225778}}""",f,2017-07-29 19:30:03.160004,2017-07-29 19:30:03.160004
2005660,5660 (1974 MA),http://ssd.jpl.nasa.gov/sbdb.cgi?sstr=2005660,15.4,"""{\""kilometers\"":{\""estimated_diameter_min\"":2.2108281036,\""estimated_diameter_max\"":4.9435619262},\""meters\"":{\""estimated_diameter_min\"":2210.8281035909,\""estimated_diameter_max\"":4943.5619261962},\""miles\"":{\""estimated_diameter_min\"":1.3737444696,\""estimated_diameter_max\"":3.0717860176},\""feet\"":{\""estimated_diameter_min\"":7253.3732753852,\""estimated_diameter_max\"":16219.0357099415}}""",f,2017-07-29 19:30:03.337275,2017-07-29 19:30:03.337275
